-- phpMyAdmin SQL Dump
-- version 5.2.0
-- https://www.phpmyadmin.net/
--
-- Servidor: 127.0.0.1
-- Tiempo de generación: 14-01-2023 a las 02:01:43
-- Versión del servidor: 10.4.27-MariaDB
-- Versión de PHP: 8.2.0

SET SQL_MODE = "NO_AUTO_VALUE_ON_ZERO";
START TRANSACTION;
SET time_zone = "+00:00";


/*!40101 SET @OLD_CHARACTER_SET_CLIENT=@@CHARACTER_SET_CLIENT */;
/*!40101 SET @OLD_CHARACTER_SET_RESULTS=@@CHARACTER_SET_RESULTS */;
/*!40101 SET @OLD_COLLATION_CONNECTION=@@COLLATION_CONNECTION */;
/*!40101 SET NAMES utf8mb4 */;

--
-- Base de datos: `sistema`
--

-- --------------------------------------------------------

--
-- Estructura de tabla para la tabla `abonos`
--

CREATE TABLE `abonos` (
  `id` int(11) NOT NULL,
  `abono` decimal(10,2) NOT NULL,
  `fecha` timestamp NOT NULL DEFAULT current_timestamp() ON UPDATE current_timestamp(),
  `apertura` int(11) NOT NULL DEFAULT 1,
  `id_credito` int(11) NOT NULL,
  `id_usuario` int(11) NOT NULL
) ENGINE=InnoDB DEFAULT CHARSET=utf8mb4 COLLATE=utf8mb4_general_ci;

-- --------------------------------------------------------

--
-- Estructura de tabla para la tabla `acceso`
--

CREATE TABLE `acceso` (
  `id` int(11) NOT NULL,
  `evento` varchar(30) NOT NULL,
  `ip` varchar(50) NOT NULL,
  `detalle` text NOT NULL,
  `fecha` timestamp NOT NULL DEFAULT current_timestamp() ON UPDATE current_timestamp()
) ENGINE=InnoDB DEFAULT CHARSET=utf8mb4 COLLATE=utf8mb4_general_ci;

--
-- Volcado de datos para la tabla `acceso`
--

INSERT INTO `acceso` (`id`, `evento`, `ip`, `detalle`, `fecha`) VALUES
(1, 'Inicio de Sesión', '::1', 'Mozilla/5.0 (Windows NT 10.0; Win64; x64) AppleWebKit/537.36 (KHTML, like Gecko) Chrome/108.0.0.0 Safari/537.36', '2023-01-09 16:02:51'),
(2, 'Cierre de Sesión', '::1', 'Mozilla/5.0 (Windows NT 10.0; Win64; x64) AppleWebKit/537.36 (KHTML, like Gecko) Chrome/108.0.0.0 Safari/537.36', '2023-01-09 16:23:51'),
(3, 'Inicio de Sesión', '::1', 'Mozilla/5.0 (Windows NT 10.0; Win64; x64) AppleWebKit/537.36 (KHTML, like Gecko) Chrome/108.0.0.0 Safari/537.36', '2023-01-09 16:26:20'),
(4, 'Cierre de Sesión', '::1', 'Mozilla/5.0 (Windows NT 10.0; Win64; x64) AppleWebKit/537.36 (KHTML, like Gecko) Chrome/108.0.0.0 Safari/537.36', '2023-01-09 16:29:12'),
(5, 'Inicio de Sesión', '::1', 'Mozilla/5.0 (Windows NT 10.0; Win64; x64) AppleWebKit/537.36 (KHTML, like Gecko) Chrome/108.0.0.0 Safari/537.36', '2023-01-09 16:38:33'),
(6, 'Cierre de Sesión', '::1', 'Mozilla/5.0 (Windows NT 10.0; Win64; x64) AppleWebKit/537.36 (KHTML, like Gecko) Chrome/108.0.0.0 Safari/537.36', '2023-01-09 16:50:01'),
(7, 'Inicio de Sesión', '::1', 'Mozilla/5.0 (Windows NT 10.0; Win64; x64) AppleWebKit/537.36 (KHTML, like Gecko) Chrome/108.0.0.0 Safari/537.36', '2023-01-09 20:57:49'),
(8, 'Cierre de Sesión', '::1', 'Mozilla/5.0 (Windows NT 10.0; Win64; x64) AppleWebKit/537.36 (KHTML, like Gecko) Chrome/108.0.0.0 Safari/537.36', '2023-01-09 21:20:00'),
(9, 'Inicio de Sesión', '::1', 'Mozilla/5.0 (Windows NT 10.0; Win64; x64) AppleWebKit/537.36 (KHTML, like Gecko) Chrome/108.0.0.0 Safari/537.36', '2023-01-10 00:28:42'),
(10, 'Cierre de Sesión', '::1', 'Mozilla/5.0 (Windows NT 10.0; Win64; x64) AppleWebKit/537.36 (KHTML, like Gecko) Chrome/108.0.0.0 Safari/537.36', '2023-01-10 00:28:58'),
(11, 'Inicio de Sesión', '::1', 'Mozilla/5.0 (Windows NT 10.0; Win64; x64) AppleWebKit/537.36 (KHTML, like Gecko) Chrome/108.0.0.0 Safari/537.36', '2023-01-10 00:29:35'),
(12, 'Cierre de Sesión', '::1', 'Mozilla/5.0 (Windows NT 10.0; Win64; x64) AppleWebKit/537.36 (KHTML, like Gecko) Chrome/108.0.0.0 Safari/537.36', '2023-01-10 01:04:46'),
(13, 'Inicio de Sesión', '::1', 'Mozilla/5.0 (Windows NT 10.0; Win64; x64) AppleWebKit/537.36 (KHTML, like Gecko) Chrome/108.0.0.0 Safari/537.36', '2023-01-10 15:23:31'),
(14, 'Cierre de Sesión', '::1', 'Mozilla/5.0 (Windows NT 10.0; Win64; x64) AppleWebKit/537.36 (KHTML, like Gecko) Chrome/108.0.0.0 Safari/537.36', '2023-01-10 15:45:49'),
(15, 'Inicio de Sesión', '::1', 'Mozilla/5.0 (Windows NT 10.0; Win64; x64) AppleWebKit/537.36 (KHTML, like Gecko) Chrome/108.0.0.0 Safari/537.36', '2023-01-11 01:09:47'),
(16, 'Cierre de Sesión', '::1', 'Mozilla/5.0 (Windows NT 10.0; Win64; x64) AppleWebKit/537.36 (KHTML, like Gecko) Chrome/108.0.0.0 Safari/537.36', '2023-01-11 01:26:20'),
(17, 'Inicio de Sesión', '192.168.238.232', 'Mozilla/5.0 (Linux; Android 12; V2035) AppleWebKit/537.36 (KHTML, like Gecko) Chrome/108.0.0.0 Mobile Safari/537.36', '2023-01-11 01:46:45'),
(18, 'Cierre de Sesión', '192.168.238.232', 'Mozilla/5.0 (Linux; Android 12; V2035) AppleWebKit/537.36 (KHTML, like Gecko) Chrome/108.0.0.0 Mobile Safari/537.36', '2023-01-11 01:50:53'),
(19, 'Inicio de Sesión', '192.168.238.170', 'Mozilla/5.0 (Linux; Android 11; moto e20) AppleWebKit/537.36 (KHTML, like Gecko) Chrome/108.0.0.0 Mobile Safari/537.36', '2023-01-11 02:12:29'),
(20, 'Inicio de Sesión', '192.168.238.37', 'Mozilla/5.0 (Windows NT 10.0; Win64; x64) AppleWebKit/537.36 (KHTML, like Gecko) Chrome/108.0.0.0 Safari/537.36', '2023-01-11 02:13:09'),
(21, 'Cierre de Sesión', '192.168.238.37', 'Mozilla/5.0 (Windows NT 10.0; Win64; x64) AppleWebKit/537.36 (KHTML, like Gecko) Chrome/108.0.0.0 Safari/537.36', '2023-01-11 02:14:09'),
(22, 'Cierre de Sesión', '192.168.238.170', 'Mozilla/5.0 (Linux; Android 11; moto e20) AppleWebKit/537.36 (KHTML, like Gecko) Chrome/108.0.0.0 Mobile Safari/537.36', '2023-01-11 02:14:17'),
(23, 'Inicio de Sesión', '::1', 'Mozilla/5.0 (Windows NT 10.0; Win64; x64) AppleWebKit/537.36 (KHTML, like Gecko) Chrome/108.0.0.0 Safari/537.36', '2023-01-12 02:26:52'),
(24, 'Cierre de Sesión', '::1', 'Mozilla/5.0 (Windows NT 10.0; Win64; x64) AppleWebKit/537.36 (KHTML, like Gecko) Chrome/108.0.0.0 Safari/537.36', '2023-01-12 02:28:03'),
(25, 'Inicio de Sesión', '192.168.1.38', 'Mozilla/5.0 (Windows NT 10.0; Win64; x64) AppleWebKit/537.36 (KHTML, like Gecko) Chrome/108.0.0.0 Safari/537.36', '2023-01-12 23:56:46'),
(26, 'Inicio de Sesión', '192.168.1.37', 'Mozilla/5.0 (Linux; Android 12; V2035) AppleWebKit/537.36 (KHTML, like Gecko) Chrome/108.0.0.0 Mobile Safari/537.36', '2023-01-13 00:05:57'),
(27, 'Cierre de Sesión', '192.168.1.38', 'Mozilla/5.0 (Windows NT 10.0; Win64; x64) AppleWebKit/537.36 (KHTML, like Gecko) Chrome/108.0.0.0 Safari/537.36', '2023-01-13 00:31:56'),
(28, 'Inicio de Sesión', '::1', 'Mozilla/5.0 (Windows NT 10.0; Win64; x64) AppleWebKit/537.36 (KHTML, like Gecko) Chrome/109.0.0.0 Safari/537.36', '2023-01-13 23:29:20'),
(29, 'Cierre de Sesión', '::1', 'Mozilla/5.0 (Windows NT 10.0; Win64; x64) AppleWebKit/537.36 (KHTML, like Gecko) Chrome/109.0.0.0 Safari/537.36', '2023-01-14 00:35:26'),
(30, 'Inicio de Sesión', '::1', 'Mozilla/5.0 (Windows NT 10.0; Win64; x64) AppleWebKit/537.36 (KHTML, like Gecko) Chrome/109.0.0.0 Safari/537.36', '2023-01-14 00:36:11'),
(31, 'Inicio de Sesión', '::1', 'Mozilla/5.0 (Windows NT 10.0; Win64; x64) AppleWebKit/537.36 (KHTML, like Gecko) Chrome/109.0.0.0 Safari/537.36', '2023-01-14 00:36:17'),
(32, 'Inicio de Sesión', '::1', 'Mozilla/5.0 (Windows NT 10.0; Win64; x64) AppleWebKit/537.36 (KHTML, like Gecko) Chrome/109.0.0.0 Safari/537.36', '2023-01-14 00:36:24'),
(33, 'Inicio de Sesión', '::1', 'Mozilla/5.0 (Windows NT 10.0; Win64; x64) AppleWebKit/537.36 (KHTML, like Gecko) Chrome/109.0.0.0 Safari/537.36', '2023-01-14 00:36:24'),
(34, 'Inicio de Sesión', '::1', 'Mozilla/5.0 (Windows NT 10.0; Win64; x64) AppleWebKit/537.36 (KHTML, like Gecko) Chrome/109.0.0.0 Safari/537.36', '2023-01-14 00:36:25'),
(35, 'Inicio de Sesión', '::1', 'Mozilla/5.0 (Windows NT 10.0; Win64; x64) AppleWebKit/537.36 (KHTML, like Gecko) Chrome/109.0.0.0 Safari/537.36', '2023-01-14 00:36:25'),
(36, 'Inicio de Sesión', '::1', 'Mozilla/5.0 (Windows NT 10.0; Win64; x64) AppleWebKit/537.36 (KHTML, like Gecko) Chrome/109.0.0.0 Safari/537.36', '2023-01-14 00:36:51'),
(37, 'Inicio de Sesión', '::1', 'Mozilla/5.0 (Windows NT 10.0; Win64; x64) AppleWebKit/537.36 (KHTML, like Gecko) Chrome/109.0.0.0 Safari/537.36', '2023-01-14 00:36:52'),
(38, 'Inicio de Sesión', '::1', 'Mozilla/5.0 (Windows NT 10.0; Win64; x64) AppleWebKit/537.36 (KHTML, like Gecko) Chrome/109.0.0.0 Safari/537.36', '2023-01-14 00:36:52'),
(39, 'Inicio de Sesión', '::1', 'Mozilla/5.0 (Windows NT 10.0; Win64; x64) AppleWebKit/537.36 (KHTML, like Gecko) Chrome/109.0.0.0 Safari/537.36', '2023-01-14 00:36:52'),
(40, 'Inicio de Sesión', '::1', 'Mozilla/5.0 (Windows NT 10.0; Win64; x64) AppleWebKit/537.36 (KHTML, like Gecko) Chrome/109.0.0.0 Safari/537.36', '2023-01-14 00:37:11'),
(41, 'Inicio de Sesión', '::1', 'Mozilla/5.0 (Windows NT 10.0; Win64; x64) AppleWebKit/537.36 (KHTML, like Gecko) Chrome/109.0.0.0 Safari/537.36', '2023-01-14 00:37:14'),
(42, 'Inicio de Sesión', '::1', 'Mozilla/5.0 (Windows NT 10.0; Win64; x64) AppleWebKit/537.36 (KHTML, like Gecko) Chrome/109.0.0.0 Safari/537.36', '2023-01-14 00:37:17'),
(43, 'Inicio de Sesión', '::1', 'Mozilla/5.0 (Windows NT 10.0; Win64; x64) AppleWebKit/537.36 (KHTML, like Gecko) Chrome/109.0.0.0 Safari/537.36', '2023-01-14 00:37:17'),
(44, 'Inicio de Sesión', '::1', 'Mozilla/5.0 (Windows NT 10.0; Win64; x64) AppleWebKit/537.36 (KHTML, like Gecko) Chrome/109.0.0.0 Safari/537.36', '2023-01-14 00:40:19'),
(45, 'Inicio de Sesión', '::1', 'Mozilla/5.0 (Windows NT 10.0; Win64; x64) AppleWebKit/537.36 (KHTML, like Gecko) Chrome/109.0.0.0 Safari/537.36', '2023-01-14 00:40:43'),
(46, 'Inicio de Sesión', '::1', 'Mozilla/5.0 (Windows NT 10.0; Win64; x64) AppleWebKit/537.36 (KHTML, like Gecko) Chrome/109.0.0.0 Safari/537.36', '2023-01-14 00:42:02'),
(47, 'Inicio de Sesión', '::1', 'Mozilla/5.0 (Windows NT 10.0; Win64; x64) AppleWebKit/537.36 (KHTML, like Gecko) Chrome/109.0.0.0 Safari/537.36', '2023-01-14 00:42:04'),
(48, 'Inicio de Sesión', '::1', 'Mozilla/5.0 (Windows NT 10.0; Win64; x64) AppleWebKit/537.36 (KHTML, like Gecko) Chrome/109.0.0.0 Safari/537.36', '2023-01-14 00:42:04'),
(49, 'Inicio de Sesión', '::1', 'Mozilla/5.0 (Windows NT 10.0; Win64; x64) AppleWebKit/537.36 (KHTML, like Gecko) Chrome/109.0.0.0 Safari/537.36', '2023-01-14 00:42:04'),
(50, 'Inicio de Sesión', '::1', 'Mozilla/5.0 (Windows NT 10.0; Win64; x64) AppleWebKit/537.36 (KHTML, like Gecko) Chrome/109.0.0.0 Safari/537.36', '2023-01-14 00:42:04'),
(51, 'Inicio de Sesión', '::1', 'Mozilla/5.0 (Windows NT 10.0; Win64; x64) AppleWebKit/537.36 (KHTML, like Gecko) Chrome/109.0.0.0 Safari/537.36', '2023-01-14 00:42:05'),
(52, 'Inicio de Sesión', '::1', 'Mozilla/5.0 (Windows NT 10.0; Win64; x64) AppleWebKit/537.36 (KHTML, like Gecko) Chrome/109.0.0.0 Safari/537.36', '2023-01-14 00:42:26'),
(53, 'Cierre de Sesión', '::1', 'Mozilla/5.0 (Windows NT 10.0; Win64; x64) AppleWebKit/537.36 (KHTML, like Gecko) Chrome/109.0.0.0 Safari/537.36', '2023-01-14 00:50:31');

-- --------------------------------------------------------

--
-- Estructura de tabla para la tabla `apartados`
--

CREATE TABLE `apartados` (
  `id` int(11) NOT NULL,
  `productos` longtext NOT NULL,
  `fecha_create` date DEFAULT NULL,
  `fecha_apartado` datetime NOT NULL,
  `fecha_retiro` datetime NOT NULL,
  `abono` decimal(10,2) NOT NULL,
  `total` decimal(10,2) NOT NULL,
  `color` varchar(15) NOT NULL,
  `estado` int(11) NOT NULL DEFAULT 1,
  `id_cliente` int(11) NOT NULL,
  `id_usuario` int(11) NOT NULL
) ENGINE=InnoDB DEFAULT CHARSET=utf8mb4 COLLATE=utf8mb4_general_ci;

-- --------------------------------------------------------

--
-- Estructura de tabla para la tabla `cajas`
--

CREATE TABLE `cajas` (
  `id` int(11) NOT NULL,
  `monto_inicial` decimal(10,2) NOT NULL,
  `fecha_apertura` date NOT NULL,
  `fecha_cierre` date DEFAULT NULL,
  `monto_final` decimal(10,2) DEFAULT NULL,
  `total_ventas` int(11) DEFAULT NULL,
  `egresos` decimal(10,2) DEFAULT NULL,
  `gastos` decimal(10,2) DEFAULT NULL,
  `estado` int(11) NOT NULL DEFAULT 1,
  `id_usuario` int(11) NOT NULL
) ENGINE=InnoDB DEFAULT CHARSET=utf8mb4 COLLATE=utf8mb4_general_ci;

--
-- Volcado de datos para la tabla `cajas`
--

INSERT INTO `cajas` (`id`, `monto_inicial`, `fecha_apertura`, `fecha_cierre`, `monto_final`, `total_ventas`, `egresos`, `gastos`, `estado`, `id_usuario`) VALUES
(1, '3000.00', '2023-01-09', '2023-01-09', '300.00', 2, '500.00', '0.00', 0, 1),
(2, '5000.00', '2023-01-09', '2023-01-10', '1200.00', 1, '3250.00', '0.00', 0, 1);

-- --------------------------------------------------------

--
-- Estructura de tabla para la tabla `categorias`
--

CREATE TABLE `categorias` (
  `id` int(11) NOT NULL,
  `categoria` varchar(100) NOT NULL,
  `fecha` timestamp NOT NULL DEFAULT current_timestamp() ON UPDATE current_timestamp(),
  `estado` int(11) NOT NULL DEFAULT 1
) ENGINE=InnoDB DEFAULT CHARSET=utf8mb4 COLLATE=utf8mb4_general_ci;

--
-- Volcado de datos para la tabla `categorias`
--

INSERT INTO `categorias` (`id`, `categoria`, `fecha`, `estado`) VALUES
(1, 'tecnologia', '2023-01-09 16:40:17', 1),
(2, 'ANIMAL', '2023-01-10 00:43:17', 1);

-- --------------------------------------------------------

--
-- Estructura de tabla para la tabla `clientes`
--

CREATE TABLE `clientes` (
  `id` int(11) NOT NULL,
  `identidad` varchar(50) NOT NULL,
  `num_identidad` varchar(15) NOT NULL,
  `nombre` varchar(255) NOT NULL,
  `telefono` varchar(15) NOT NULL,
  `correo` varchar(100) DEFAULT NULL,
  `direccion` varchar(255) NOT NULL,
  `fecha` timestamp NOT NULL DEFAULT current_timestamp() ON UPDATE current_timestamp(),
  `estado` int(11) NOT NULL DEFAULT 1
) ENGINE=InnoDB DEFAULT CHARSET=utf8mb4 COLLATE=utf8mb4_general_ci;

--
-- Volcado de datos para la tabla `clientes`
--

INSERT INTO `clientes` (`id`, `identidad`, `num_identidad`, `nombre`, `telefono`, `correo`, `direccion`, `fecha`, `estado`) VALUES
(1, 'CC', '123456789', 'primer cliente', '345345643', 'primercliente@gmail.com', '<p>pozoncity</p>', '2023-01-09 16:28:23', 1);

-- --------------------------------------------------------

--
-- Estructura de tabla para la tabla `compras`
--

CREATE TABLE `compras` (
  `id` int(11) NOT NULL,
  `productos` longtext NOT NULL,
  `total` decimal(10,2) NOT NULL,
  `fecha` date NOT NULL,
  `hora` time NOT NULL,
  `serie` varchar(20) NOT NULL,
  `estado` int(11) NOT NULL DEFAULT 1,
  `apertura` int(11) NOT NULL DEFAULT 1,
  `id_proveedor` int(11) NOT NULL,
  `id_usuario` int(11) NOT NULL
) ENGINE=InnoDB DEFAULT CHARSET=utf8mb4 COLLATE=utf8mb4_general_ci;

--
-- Volcado de datos para la tabla `compras`
--

INSERT INTO `compras` (`id`, `productos`, `total`, `fecha`, `hora`, `serie`, `estado`, `apertura`, `id_proveedor`, `id_usuario`) VALUES
(1, '[{\"id\":1,\"nombre\":\"lapto hp\",\"precio\":\"250.00\",\"cantidad\":\"2\"}]', '500.00', '2023-01-09', '22:03:36', '00234234', 1, 0, 1, 1),
(2, '[{\"id\":2,\"nombre\":\"LAPTO LENOVO\",\"precio\":\"500.00\",\"cantidad\":\"4\"}]', '2000.00', '2023-01-09', '22:18:11', '00001234', 1, 0, 1, 1),
(3, '[{\"id\":1,\"nombre\":\"lapto hp\",\"precio\":\"250.00\",\"cantidad\":\"5\"}]', '1250.00', '2023-01-10', '16:44:13', '00002312', 1, 0, 1, 1);

-- --------------------------------------------------------

--
-- Estructura de tabla para la tabla `configuracion`
--

CREATE TABLE `configuracion` (
  `id` int(11) NOT NULL,
  `ruc` varchar(15) NOT NULL,
  `nombre` varchar(255) NOT NULL,
  `telefono` varchar(50) NOT NULL,
  `correo` varchar(100) NOT NULL,
  `direccion` text NOT NULL,
  `mensaje` text NOT NULL,
  `impuesto` int(11) NOT NULL DEFAULT 0
) ENGINE=InnoDB DEFAULT CHARSET=utf8mb4 COLLATE=utf8mb4_general_ci;

--
-- Volcado de datos para la tabla `configuracion`
--

INSERT INTO `configuracion` (`id`, `ruc`, `nombre`, `telefono`, `correo`, `direccion`, `mensaje`, `impuesto`) VALUES
(1, '0123456789', 'EMPRESA DE ALEJO', '3046811778', 'alejandrocj2002@gmail.com', 'CARTAGENA - COLOMBIA', '<p>TENKIUUUU&nbsp;</p>', 19);

-- --------------------------------------------------------

--
-- Estructura de tabla para la tabla `cotizaciones`
--

CREATE TABLE `cotizaciones` (
  `id` int(11) NOT NULL,
  `productos` longtext NOT NULL,
  `total` decimal(10,2) NOT NULL,
  `fecha` date NOT NULL,
  `hora` time NOT NULL,
  `metodo` varchar(20) NOT NULL,
  `validez` varchar(30) NOT NULL,
  `descuento` decimal(10,2) NOT NULL DEFAULT 0.00,
  `id_cliente` int(11) NOT NULL
) ENGINE=InnoDB DEFAULT CHARSET=utf8mb4 COLLATE=utf8mb4_general_ci;

-- --------------------------------------------------------

--
-- Estructura de tabla para la tabla `creditos`
--

CREATE TABLE `creditos` (
  `id` int(11) NOT NULL,
  `monto` decimal(10,2) NOT NULL,
  `fecha` date NOT NULL,
  `hora` time NOT NULL,
  `estado` int(11) NOT NULL DEFAULT 1,
  `id_venta` int(11) NOT NULL
) ENGINE=InnoDB DEFAULT CHARSET=utf8mb4 COLLATE=utf8mb4_general_ci;

--
-- Volcado de datos para la tabla `creditos`
--

INSERT INTO `creditos` (`id`, `monto`, `fecha`, `hora`, `estado`, `id_venta`) VALUES
(1, '-200.00', '2023-01-09', '22:05:50', 1, 2);

-- --------------------------------------------------------

--
-- Estructura de tabla para la tabla `detalle_apartado`
--

CREATE TABLE `detalle_apartado` (
  `id` int(11) NOT NULL,
  `monto` decimal(10,2) NOT NULL,
  `fecha` timestamp NOT NULL DEFAULT current_timestamp() ON UPDATE current_timestamp(),
  `apertura` int(11) NOT NULL DEFAULT 1,
  `id_apartado` int(11) NOT NULL,
  `id_usuario` int(11) NOT NULL
) ENGINE=InnoDB DEFAULT CHARSET=utf8mb4 COLLATE=utf8mb4_general_ci;

-- --------------------------------------------------------

--
-- Estructura de tabla para la tabla `gastos`
--

CREATE TABLE `gastos` (
  `id` int(11) NOT NULL,
  `monto` decimal(10,2) NOT NULL,
  `descripcion` varchar(255) NOT NULL,
  `foto` varchar(150) DEFAULT NULL,
  `fecha` timestamp NOT NULL DEFAULT current_timestamp() ON UPDATE current_timestamp(),
  `apertura` int(11) NOT NULL DEFAULT 1,
  `id_usuario` int(11) NOT NULL
) ENGINE=InnoDB DEFAULT CHARSET=utf8mb4 COLLATE=utf8mb4_general_ci;

-- --------------------------------------------------------

--
-- Estructura de tabla para la tabla `inventario`
--

CREATE TABLE `inventario` (
  `id` int(11) NOT NULL,
  `movimiento` varchar(100) NOT NULL,
  `accion` varchar(20) NOT NULL,
  `cantidad` int(11) NOT NULL,
  `stock_actual` int(11) NOT NULL,
  `fecha` timestamp NOT NULL DEFAULT current_timestamp() ON UPDATE current_timestamp(),
  `id_producto` int(11) NOT NULL,
  `id_usuario` int(11) NOT NULL
) ENGINE=InnoDB DEFAULT CHARSET=utf8mb4 COLLATE=utf8mb4_general_ci;

--
-- Volcado de datos para la tabla `inventario`
--

INSERT INTO `inventario` (`id`, `movimiento`, `accion`, `cantidad`, `stock_actual`, `fecha`, `id_producto`, `id_usuario`) VALUES
(1, 'Venta N°: 1', 'salida', 1, -1, '2023-01-09 16:45:12', 1, 1),
(2, 'Compra N°: 1', 'entrada', 2, 1, '2023-01-09 21:03:36', 1, 1),
(3, 'Venta N°: 2', 'salida', 1, 0, '2023-01-09 21:05:50', 1, 1),
(4, 'Compra N°: 2', 'entrada', 4, 4, '2023-01-09 21:18:11', 2, 1),
(5, 'Compra N°: 3', 'entrada', 5, 5, '2023-01-10 15:44:13', 1, 1),
(6, 'Venta N°: 3', 'salida', 2, 2, '2023-01-10 15:44:51', 2, 1);

-- --------------------------------------------------------

--
-- Estructura de tabla para la tabla `medidas`
--

CREATE TABLE `medidas` (
  `id` int(11) NOT NULL,
  `medida` varchar(100) NOT NULL,
  `nombre_corto` varchar(10) NOT NULL,
  `fecha` timestamp NOT NULL DEFAULT current_timestamp() ON UPDATE current_timestamp(),
  `estado` int(11) NOT NULL DEFAULT 1
) ENGINE=InnoDB DEFAULT CHARSET=utf8mb4 COLLATE=utf8mb4_general_ci;

--
-- Volcado de datos para la tabla `medidas`
--

INSERT INTO `medidas` (`id`, `medida`, `nombre_corto`, `fecha`, `estado`) VALUES
(1, 'primera medida xd', 'pm', '2023-01-09 16:39:53', 1);

-- --------------------------------------------------------

--
-- Estructura de tabla para la tabla `productos`
--

CREATE TABLE `productos` (
  `id` int(11) NOT NULL,
  `codigo` varchar(50) NOT NULL,
  `descripcion` text NOT NULL,
  `precio_compra` decimal(10,2) NOT NULL,
  `precio_venta` decimal(10,2) NOT NULL,
  `cantidad` int(11) NOT NULL DEFAULT 0,
  `foto` varchar(100) DEFAULT NULL,
  `estado` int(11) NOT NULL DEFAULT 1,
  `fecha` timestamp NOT NULL DEFAULT current_timestamp() ON UPDATE current_timestamp(),
  `ventas` int(11) NOT NULL DEFAULT 0,
  `id_medida` int(11) NOT NULL,
  `id_categoria` int(11) NOT NULL
) ENGINE=InnoDB DEFAULT CHARSET=utf8mb4 COLLATE=utf8mb4_general_ci;

--
-- Volcado de datos para la tabla `productos`
--

INSERT INTO `productos` (`id`, `codigo`, `descripcion`, `precio_compra`, `precio_venta`, `cantidad`, `foto`, `estado`, `fecha`, `ventas`, `id_medida`, `id_categoria`) VALUES
(1, '123453', 'lapto hp', '250.00', '300.00', 5, 'assets/images/productos/20230109174208.jpg', 1, '2023-01-10 15:44:13', 2, 1, 1),
(2, '1234', 'LAPTO LENOVO', '500.00', '600.00', 2, 'assets/images/productos/20230109221651.jpg', 1, '2023-01-10 15:44:51', 2, 1, 1),
(3, '12345', 'ZORRO', '50.00', '70.00', 0, 'assets/images/productos/20230110014556.jpg', 1, '2023-01-10 00:45:56', 0, 1, 2),
(4, '12344', 'prueba de codigo', '500.00', '500.00', 0, NULL, 1, '2023-01-10 15:31:00', 0, 1, 1),
(5, '123456', 'pruba de barras xd', '1000.00', '1500.00', 0, NULL, 1, '2023-01-14 00:19:27', 0, 1, 2);

-- --------------------------------------------------------

--
-- Estructura de tabla para la tabla `proveedor`
--

CREATE TABLE `proveedor` (
  `id` int(11) NOT NULL,
  `ruc` varchar(15) NOT NULL,
  `nombre` varchar(255) NOT NULL,
  `telefono` varchar(50) NOT NULL,
  `correo` varchar(100) NOT NULL,
  `direccion` varchar(255) NOT NULL,
  `fecha` timestamp NOT NULL DEFAULT current_timestamp() ON UPDATE current_timestamp(),
  `estado` int(11) NOT NULL DEFAULT 1
) ENGINE=InnoDB DEFAULT CHARSET=utf8mb4 COLLATE=utf8mb4_general_ci;

--
-- Volcado de datos para la tabla `proveedor`
--

INSERT INTO `proveedor` (`id`, `ruc`, `nombre`, `telefono`, `correo`, `direccion`, `fecha`, `estado`) VALUES
(1, '1234123', 'jose junior', '234234234', 'jose@gmail.com', '<p><strong>medellin</strong></p>', '2023-01-09 16:46:56', 1),
(2, '234234234', 'ANGELICA JIMENES', '1342123123', 'angelica@gmail.com', '<p><strong>BICENTENARIO</strong></p>', '2023-01-09 21:08:57', 1);

-- --------------------------------------------------------

--
-- Estructura de tabla para la tabla `usuarios`
--

CREATE TABLE `usuarios` (
  `id` int(11) NOT NULL,
  `nombre` varchar(100) NOT NULL,
  `apellido` varchar(100) NOT NULL,
  `correo` varchar(100) NOT NULL,
  `telefono` varchar(15) NOT NULL,
  `direccion` varchar(255) NOT NULL,
  `perfil` varchar(100) DEFAULT NULL,
  `clave` varchar(200) NOT NULL,
  `token` varchar(100) DEFAULT NULL,
  `fecha` timestamp NOT NULL DEFAULT current_timestamp() ON UPDATE current_timestamp(),
  `estado` int(11) NOT NULL DEFAULT 1,
  `rol` int(11) NOT NULL
) ENGINE=InnoDB DEFAULT CHARSET=utf8mb4 COLLATE=utf8mb4_general_ci;

--
-- Volcado de datos para la tabla `usuarios`
--

INSERT INTO `usuarios` (`id`, `nombre`, `apellido`, `correo`, `telefono`, `direccion`, `perfil`, `clave`, `token`, `fecha`, `estado`, `rol`) VALUES
(1, 'ALEJANDRO', 'COGOLLO', 'alejandrocj2002@gmail.com', '3046811778', 'CARTAGENA COLOMBIA', NULL, '$2y$10$PBVfztrP.ynI6stFCV3vtOtF9asUF4yIfUjTQ5aXhE1xZEzb0DH3a', '65265522b58828fdaaecb4b07fe9bb0c', '2023-01-13 00:52:38', 1, 1),
(2, 'SEGUNDO', 'USUARIO', 'segundousers@gmail.com', '23984283', 'CARTAGENA COLOMBIA', NULL, '$2y$10$iEqpvM8zHShRgJPKwgkIeeO1MqG6b6Ka2Y7vhJtOXe4KShEv3pN8i', NULL, '2023-01-14 00:35:21', 0, 2),
(3, 'LEIDY DANIELA', 'DE LA PUENTE', 'leididanielapg2004@gmail.com', '3218381415', 'CARTAGENA - BOLIVAR', 'assets/images/perfil/20230113010743leididanielapg2004@gmail.com.jpg', '$2y$10$W9oMsj3u/csLBdcY2oDzjOlBM5ZW75QQhWHzKqM8Vbwwpoig6ATSS', NULL, '2023-01-13 00:07:43', 1, 2);

-- --------------------------------------------------------

--
-- Estructura de tabla para la tabla `ventas`
--

CREATE TABLE `ventas` (
  `id` int(11) NOT NULL,
  `productos` longtext NOT NULL,
  `total` decimal(10,2) NOT NULL,
  `fecha` date NOT NULL,
  `hora` time NOT NULL,
  `metodo` varchar(15) NOT NULL,
  `descuento` decimal(10,2) NOT NULL DEFAULT 0.00,
  `serie` varchar(20) NOT NULL,
  `estado` int(11) NOT NULL DEFAULT 1,
  `apertura` int(11) NOT NULL DEFAULT 1,
  `id_cliente` int(11) NOT NULL,
  `id_usuario` int(11) NOT NULL
) ENGINE=InnoDB DEFAULT CHARSET=utf8mb4 COLLATE=utf8mb4_general_ci;

--
-- Volcado de datos para la tabla `ventas`
--

INSERT INTO `ventas` (`id`, `productos`, `total`, `fecha`, `hora`, `metodo`, `descuento`, `serie`, `estado`, `apertura`, `id_cliente`, `id_usuario`) VALUES
(1, '[{\"id\":1,\"nombre\":\"lapto hp\",\"precio\":\"300.00\",\"cantidad\":1}]', '300.00', '2023-01-09', '17:45:12', 'CONTADO', '0.00', '00000001', 1, 0, 1, 1),
(2, '[{\"id\":1,\"nombre\":\"lapto hp\",\"precio\":\"300.00\",\"cantidad\":1}]', '300.00', '2023-01-09', '22:05:50', 'CREDITO', '500.00', '00000002', 1, 0, 1, 1),
(3, '[{\"id\":2,\"nombre\":\"LAPTO LENOVO\",\"precio\":\"600.00\",\"cantidad\":\"2\"}]', '1200.00', '2023-01-10', '16:44:51', 'CONTADO', '0.00', '00000003', 1, 0, 1, 1);

--
-- Índices para tablas volcadas
--

--
-- Indices de la tabla `abonos`
--
ALTER TABLE `abonos`
  ADD PRIMARY KEY (`id`),
  ADD KEY `id_credito` (`id_credito`);

--
-- Indices de la tabla `acceso`
--
ALTER TABLE `acceso`
  ADD PRIMARY KEY (`id`);

--
-- Indices de la tabla `apartados`
--
ALTER TABLE `apartados`
  ADD PRIMARY KEY (`id`),
  ADD KEY `id_cliente` (`id_cliente`);

--
-- Indices de la tabla `cajas`
--
ALTER TABLE `cajas`
  ADD PRIMARY KEY (`id`),
  ADD KEY `id_usuario` (`id_usuario`);

--
-- Indices de la tabla `categorias`
--
ALTER TABLE `categorias`
  ADD PRIMARY KEY (`id`);

--
-- Indices de la tabla `clientes`
--
ALTER TABLE `clientes`
  ADD PRIMARY KEY (`id`);

--
-- Indices de la tabla `compras`
--
ALTER TABLE `compras`
  ADD PRIMARY KEY (`id`),
  ADD KEY `id_proveedor` (`id_proveedor`),
  ADD KEY `id_usuario` (`id_usuario`);

--
-- Indices de la tabla `configuracion`
--
ALTER TABLE `configuracion`
  ADD PRIMARY KEY (`id`);

--
-- Indices de la tabla `cotizaciones`
--
ALTER TABLE `cotizaciones`
  ADD PRIMARY KEY (`id`),
  ADD KEY `id_cliente` (`id_cliente`);

--
-- Indices de la tabla `creditos`
--
ALTER TABLE `creditos`
  ADD PRIMARY KEY (`id`),
  ADD KEY `id_venta` (`id_venta`);

--
-- Indices de la tabla `detalle_apartado`
--
ALTER TABLE `detalle_apartado`
  ADD PRIMARY KEY (`id`);

--
-- Indices de la tabla `gastos`
--
ALTER TABLE `gastos`
  ADD PRIMARY KEY (`id`),
  ADD KEY `id_usuario` (`id_usuario`);

--
-- Indices de la tabla `inventario`
--
ALTER TABLE `inventario`
  ADD PRIMARY KEY (`id`),
  ADD KEY `id_producto` (`id_producto`),
  ADD KEY `id_usuario` (`id_usuario`);

--
-- Indices de la tabla `medidas`
--
ALTER TABLE `medidas`
  ADD PRIMARY KEY (`id`);

--
-- Indices de la tabla `productos`
--
ALTER TABLE `productos`
  ADD PRIMARY KEY (`id`),
  ADD KEY `id_categoria` (`id_categoria`),
  ADD KEY `id_medida` (`id_medida`);

--
-- Indices de la tabla `proveedor`
--
ALTER TABLE `proveedor`
  ADD PRIMARY KEY (`id`);

--
-- Indices de la tabla `usuarios`
--
ALTER TABLE `usuarios`
  ADD PRIMARY KEY (`id`);

--
-- Indices de la tabla `ventas`
--
ALTER TABLE `ventas`
  ADD PRIMARY KEY (`id`),
  ADD KEY `id_cliente` (`id_cliente`),
  ADD KEY `id_usuario` (`id_usuario`);

--
-- AUTO_INCREMENT de las tablas volcadas
--

--
-- AUTO_INCREMENT de la tabla `abonos`
--
ALTER TABLE `abonos`
  MODIFY `id` int(11) NOT NULL AUTO_INCREMENT;

--
-- AUTO_INCREMENT de la tabla `acceso`
--
ALTER TABLE `acceso`
  MODIFY `id` int(11) NOT NULL AUTO_INCREMENT, AUTO_INCREMENT=54;

--
-- AUTO_INCREMENT de la tabla `apartados`
--
ALTER TABLE `apartados`
  MODIFY `id` int(11) NOT NULL AUTO_INCREMENT;

--
-- AUTO_INCREMENT de la tabla `cajas`
--
ALTER TABLE `cajas`
  MODIFY `id` int(11) NOT NULL AUTO_INCREMENT, AUTO_INCREMENT=3;

--
-- AUTO_INCREMENT de la tabla `categorias`
--
ALTER TABLE `categorias`
  MODIFY `id` int(11) NOT NULL AUTO_INCREMENT, AUTO_INCREMENT=3;

--
-- AUTO_INCREMENT de la tabla `clientes`
--
ALTER TABLE `clientes`
  MODIFY `id` int(11) NOT NULL AUTO_INCREMENT, AUTO_INCREMENT=2;

--
-- AUTO_INCREMENT de la tabla `compras`
--
ALTER TABLE `compras`
  MODIFY `id` int(11) NOT NULL AUTO_INCREMENT, AUTO_INCREMENT=4;

--
-- AUTO_INCREMENT de la tabla `configuracion`
--
ALTER TABLE `configuracion`
  MODIFY `id` int(11) NOT NULL AUTO_INCREMENT, AUTO_INCREMENT=2;

--
-- AUTO_INCREMENT de la tabla `cotizaciones`
--
ALTER TABLE `cotizaciones`
  MODIFY `id` int(11) NOT NULL AUTO_INCREMENT;

--
-- AUTO_INCREMENT de la tabla `creditos`
--
ALTER TABLE `creditos`
  MODIFY `id` int(11) NOT NULL AUTO_INCREMENT, AUTO_INCREMENT=2;

--
-- AUTO_INCREMENT de la tabla `detalle_apartado`
--
ALTER TABLE `detalle_apartado`
  MODIFY `id` int(11) NOT NULL AUTO_INCREMENT;

--
-- AUTO_INCREMENT de la tabla `gastos`
--
ALTER TABLE `gastos`
  MODIFY `id` int(11) NOT NULL AUTO_INCREMENT;

--
-- AUTO_INCREMENT de la tabla `inventario`
--
ALTER TABLE `inventario`
  MODIFY `id` int(11) NOT NULL AUTO_INCREMENT, AUTO_INCREMENT=7;

--
-- AUTO_INCREMENT de la tabla `medidas`
--
ALTER TABLE `medidas`
  MODIFY `id` int(11) NOT NULL AUTO_INCREMENT, AUTO_INCREMENT=2;

--
-- AUTO_INCREMENT de la tabla `productos`
--
ALTER TABLE `productos`
  MODIFY `id` int(11) NOT NULL AUTO_INCREMENT, AUTO_INCREMENT=6;

--
-- AUTO_INCREMENT de la tabla `proveedor`
--
ALTER TABLE `proveedor`
  MODIFY `id` int(11) NOT NULL AUTO_INCREMENT, AUTO_INCREMENT=3;

--
-- AUTO_INCREMENT de la tabla `usuarios`
--
ALTER TABLE `usuarios`
  MODIFY `id` int(11) NOT NULL AUTO_INCREMENT, AUTO_INCREMENT=4;

--
-- AUTO_INCREMENT de la tabla `ventas`
--
ALTER TABLE `ventas`
  MODIFY `id` int(11) NOT NULL AUTO_INCREMENT, AUTO_INCREMENT=4;

--
-- Restricciones para tablas volcadas
--

--
-- Filtros para la tabla `abonos`
--
ALTER TABLE `abonos`
  ADD CONSTRAINT `abonos_ibfk_1` FOREIGN KEY (`id_credito`) REFERENCES `creditos` (`id`);

--
-- Filtros para la tabla `apartados`
--
ALTER TABLE `apartados`
  ADD CONSTRAINT `apartados_ibfk_1` FOREIGN KEY (`id_cliente`) REFERENCES `clientes` (`id`);

--
-- Filtros para la tabla `cajas`
--
ALTER TABLE `cajas`
  ADD CONSTRAINT `cajas_ibfk_1` FOREIGN KEY (`id_usuario`) REFERENCES `usuarios` (`id`);

--
-- Filtros para la tabla `compras`
--
ALTER TABLE `compras`
  ADD CONSTRAINT `compras_ibfk_1` FOREIGN KEY (`id_proveedor`) REFERENCES `proveedor` (`id`),
  ADD CONSTRAINT `compras_ibfk_2` FOREIGN KEY (`id_usuario`) REFERENCES `usuarios` (`id`);

--
-- Filtros para la tabla `cotizaciones`
--
ALTER TABLE `cotizaciones`
  ADD CONSTRAINT `cotizaciones_ibfk_1` FOREIGN KEY (`id_cliente`) REFERENCES `clientes` (`id`);

--
-- Filtros para la tabla `creditos`
--
ALTER TABLE `creditos`
  ADD CONSTRAINT `creditos_ibfk_1` FOREIGN KEY (`id_venta`) REFERENCES `ventas` (`id`);

--
-- Filtros para la tabla `gastos`
--
ALTER TABLE `gastos`
  ADD CONSTRAINT `gastos_ibfk_1` FOREIGN KEY (`id_usuario`) REFERENCES `usuarios` (`id`);

--
-- Filtros para la tabla `inventario`
--
ALTER TABLE `inventario`
  ADD CONSTRAINT `inventario_ibfk_1` FOREIGN KEY (`id_producto`) REFERENCES `productos` (`id`),
  ADD CONSTRAINT `inventario_ibfk_2` FOREIGN KEY (`id_usuario`) REFERENCES `usuarios` (`id`);

--
-- Filtros para la tabla `productos`
--
ALTER TABLE `productos`
  ADD CONSTRAINT `productos_ibfk_1` FOREIGN KEY (`id_categoria`) REFERENCES `categorias` (`id`),
  ADD CONSTRAINT `productos_ibfk_2` FOREIGN KEY (`id_medida`) REFERENCES `medidas` (`id`);

--
-- Filtros para la tabla `ventas`
--
ALTER TABLE `ventas`
  ADD CONSTRAINT `ventas_ibfk_1` FOREIGN KEY (`id_cliente`) REFERENCES `clientes` (`id`),
  ADD CONSTRAINT `ventas_ibfk_2` FOREIGN KEY (`id_usuario`) REFERENCES `usuarios` (`id`);
COMMIT;

/*!40101 SET CHARACTER_SET_CLIENT=@OLD_CHARACTER_SET_CLIENT */;
/*!40101 SET CHARACTER_SET_RESULTS=@OLD_CHARACTER_SET_RESULTS */;
/*!40101 SET COLLATION_CONNECTION=@OLD_COLLATION_CONNECTION */;
